INSERT INTO `library_bdd`.`user` (`id_user`, `address`,`creation_date`,`email`,`first_name`,`last_name`,`password`,`reset_token`,`role`) VALUES
(1,NULL,'2021-01-29 16:21:47','email@user1.fr','user1_firstName','user1_lastName','$2a$10$EyIWAeVWsqIsTJtwX8OFG.nyJFfZIEPl8fSlzylgMa1w//zaYVMku',NULL,'user'),
(2,NULL,'2021-01-29 16:21:47','email@user2.fr','user2_firstName','user2_lastName','$2a$10$euV6ZR71Vy6U9wo2LZWMa.Or3PYHIHdK80jvgwkg5cwPx7W0/QCOa',NULL,'user'),
(3,NULL,'2021-01-29 16:21:47','email@user3.fr','user3_firstName','user3_lastName','$2a$10$Xi0.KrL/EK7EZ524i1fBj.GKuS0I84vmy9fhLfYU5yLwuDOcfpT/G',NULL,'user'),
(4,NULL,'2021-01-29 16:2  1:47','email@user4.fr','user4_firstName','user4_lastName','$2a$10$vQEWxchyjdOdy2pdjV/p7.8E.pQGB5nTRdcmKRyfPtfRtisPDnEB.',NULL,'user'),
(5,NULL,'2021-01-29 16:21:47','email@admin1.fr','admin1_firstName','admin1_lastName','$2a$10$.bwyLxhBkaS0kYnHJdyCR.te19/QhRO4JnUhrwphDuQhGfAZ.r8Q.',NULL,'admin'),
(6,NULL,'2021-01-29 16:21:48','email@admin2.fr','admin2_firstName','admin2_lastName','$2a$10$QVTsX6DsQc6TkY1A22QNDOIP3pb7m6aC.3CHO6umqqAndY/4ZrSk2',NULL,'admin');

INSERT INTO `library_bdd`.`book` (`id_book`,`author`,`collection`,`description`,`editor`,`img_path_th_attribute`,`is_loan_available`,`is_online`,`is_reservation_available`,`isbn`,`nb_copy`,`release_date`,`short_description`,`stock`,`title`) VALUES
(1,'author1','collection1','desc1 Vi simulationem difficillimum aliis et placuerat placuerat simulationem ponderibus simulationem tamquam placuerat nimis obstaculo nimis confidentia auxilio commentis qua nimis.<p>Lorem ipsum dolor sit amet, consectetur adipiscing elit. Integer sed velit eget leo pharetra pretium. Duis imperdiet a turpis vitae mattis. Praesent molestie at turpis sit amet lacinia. Cras sed dui at massa ultricies fringilla quis sit amet lectus.</p><p>Donec quis ultrices risus. Phasellus lobortis nec dolor vel porttitor. Nam eu mauris tortor. Integer pretium vel dui et luctus. Integer sed odio vestibulum mi pellentesque aliquam. Donec lacinia cursus arcu sed lobortis. Mauris efficitur tellus in nulla posuere viverra.</p>','editor1','/img/book/book1_cover_400x400.jpg',1,1,1,'isbn1',2,'2018-05-17 15:21:48','desc1 Vi simulationem difficillimum aliis et placuerat placuerat simulat...',1,'titre1 Lorem ipsum'),
(2,'author2','collection2','desc2 Vi simulationem difficillimum aliis et placuerat placuerat simulationem ponderibus simulationem tamquam placuerat nimis obstaculo nimis confidentia auxilio commentis qua nimis.<p>Lorem ipsum dolor sit amet, consectetur adipiscing elit. Integer sed velit eget leo pharetra pretium. Duis imperdiet a turpis vitae mattis. Praesent molestie at turpis sit amet lacinia. Cras sed dui at massa ultricies fringilla quis sit amet lectus.</p><p>Donec quis ultrices risus. Phasellus lobortis nec dolor vel porttitor. Nam eu mauris tortor. Integer pretium vel dui et luctus. Integer sed odio vestibulum mi pellentesque aliquam. Donec lacinia cursus arcu sed lobortis. Mauris efficitur tellus in nulla posuere viverra.</p>','editor2','/img/book/book2_cover_400x400.jpg',1,1,1,'isbn2',1,'2020-07-31 15:21:48','desc2 Vi simulationem difficillimum aliis et placuerat placuerat simulat...',24,'titre2 Lorem ipsum'),
(3,'author3','collection3','desc3 Vi simulationem difficillimum aliis et placuerat placuerat simulationem ponderibus simulationem tamquam placuerat nimis obstaculo nimis confidentia auxilio commentis qua nimis.<p>Lorem ipsum dolor sit amet, consectetur adipiscing elit. Integer sed velit eget leo pharetra pretium. Duis imperdiet a turpis vitae mattis. Praesent molestie at turpis sit amet lacinia. Cras sed dui at massa ultricies fringilla quis sit amet lectus.</p><p>Donec quis ultrices risus. Phasellus lobortis nec dolor vel porttitor. Nam eu mauris tortor. Integer pretium vel dui et luctus. Integer sed odio vestibulum mi pellentesque aliquam. Donec lacinia cursus arcu sed lobortis. Mauris efficitur tellus in nulla posuere viverra.</p>','editor3','/img/book/book3_cover_400x400.jpg',1,1,1,'isbn3',2,'2019-11-12 16:21:48','desc3 Vi simulationem difficillimum aliis et placuerat placuerat simulat...',2,'titre3 Lorem ipsum'),
(4,'author4','collection4','desc4 Vi simulationem difficillimum aliis et placuerat placuerat simulationem ponderibus simulationem tamquam placuerat nimis obstaculo nimis confidentia auxilio commentis qua nimis.<p>Lorem ipsum dolor sit amet, consectetur adipiscing elit. Integer sed velit eget leo pharetra pretium. Duis imperdiet a turpis vitae mattis. Praesent molestie at turpis sit amet lacinia. Cras sed dui at massa ultricies fringilla quis sit amet lectus.</p><p>Donec quis ultrices risus. Phasellus lobortis nec dolor vel porttitor. Nam eu mauris tortor. Integer pretium vel dui et luctus. Integer sed odio vestibulum mi pellentesque aliquam. Donec lacinia cursus arcu sed lobortis. Mauris efficitur tellus in nulla posuere viverra.</p>','editor4','/img/book/book4_cover_400x400.jpg',1,1,1,'isbn4',2,'2018-09-19 15:21:48','desc4 Vi simulationem difficillimum aliis et placuerat placuerat simulat...',1,'titre4 Lorem ipsum'),
(5,'author5','collection5','desc5 Vi simulationem difficillimum aliis et placuerat placuerat simulationem ponderibus simulationem tamquam placuerat nimis obstaculo nimis confidentia auxilio commentis qua nimis.<p>Lorem ipsum dolor sit amet, consectetur adipiscing elit. Integer sed velit eget leo pharetra pretium. Duis imperdiet a turpis vitae mattis. Praesent molestie at turpis sit amet lacinia. Cras sed dui at massa ultricies fringilla quis sit amet lectus.</p><p>Donec quis ultrices risus. Phasellus lobortis nec dolor vel porttitor. Nam eu mauris tortor. Integer pretium vel dui et luctus. Integer sed odio vestibulum mi pellentesque aliquam. Donec lacinia cursus arcu sed lobortis. Mauris efficitur tellus in nulla posuere viverra.</p>','editor5','/img/book/book5_cover_400x400.jpg',1,1,1,'isbn5',5,'2019-03-10 16:21:48','desc5 Vi simulationem difficillimum aliis et placuerat placuerat simulat...',3,'titre5 Lorem ipsum'),
(6,'author6','collection6','desc6 Vi simulationem difficillimum aliis et placuerat placuerat simulationem ponderibus simulationem tamquam placuerat nimis obstaculo nimis confidentia auxilio commentis qua nimis.<p>Lorem ipsum dolor sit amet, consectetur adipiscing elit. Integer sed velit eget leo pharetra pretium. Duis imperdiet a turpis vitae mattis. Praesent molestie at turpis sit amet lacinia. Cras sed dui at massa ultricies fringilla quis sit amet lectus.</p><p>Donec quis ultrices risus. Phasellus lobortis nec dolor vel porttitor. Nam eu mauris tortor. Integer pretium vel dui et luctus. Integer sed odio vestibulum mi pellentesque aliquam. Donec lacinia cursus arcu sed lobortis. Mauris efficitur tellus in nulla posuere viverra.</p>','editor6','/img/book/book6_cover_400x400.jpg',1,1,1,'isbn6',1,'2019-06-24 15:21:48','desc6 Vi simulationem difficillimum aliis et placuerat placuerat simulat...',1,'titre6 Lorem ipsum'),
(7,'author7','collection7','desc7 Vi simulationem difficillimum aliis et placuerat placuerat simulationem ponderibus simulationem tamquam placuerat nimis obstaculo nimis confidentia auxilio commentis qua nimis.<p>Lorem ipsum dolor sit amet, consectetur adipiscing elit. Integer sed velit eget leo pharetra pretium. Duis imperdiet a turpis vitae mattis. Praesent molestie at turpis sit amet lacinia. Cras sed dui at massa ultricies fringilla quis sit amet lectus.</p><p>Donec quis ultrices risus. Phasellus lobortis nec dolor vel porttitor. Nam eu mauris tortor. Integer pretium vel dui et luctus. Integer sed odio vestibulum mi pellentesque aliquam. Donec lacinia cursus arcu sed lobortis. Mauris efficitur tellus in nulla posuere viverra.</p>','editor7','/img/book/book7_cover_400x400.jpg',1,1,1,'isbn7',4,'2020-08-27 15:21:48','desc7 Vi simulationem difficillimum aliis et placuerat placuerat simulat...',4,'titre7 Lorem ipsum'),
(8,'author8','collection8','desc8 Vi simulationem difficillimum aliis et placuerat placuerat simulationem ponderibus simulationem tamquam placuerat nimis obstaculo nimis confidentia auxilio commentis qua nimis.<p>Lorem ipsum dolor sit amet, consectetur adipiscing elit. Integer sed velit eget leo pharetra pretium. Duis imperdiet a turpis vitae mattis. Praesent molestie at turpis sit amet lacinia. Cras sed dui at massa ultricies fringilla quis sit amet lectus.</p><p>Donec quis ultrices risus. Phasellus lobortis nec dolor vel porttitor. Nam eu mauris tortor. Integer pretium vel dui et luctus. Integer sed odio vestibulum mi pellentesque aliquam. Donec lacinia cursus arcu sed lobortis. Mauris efficitur tellus in nulla posuere viverra.</p>','editor8','/img/book/book8_cover_400x400.jpg',1,1,1,'isbn8',5,'2018-09-17 15:21:48','desc8 Vi simulationem difficillimum aliis et placuerat placuerat simulat...',1,'titre8 Lorem ipsum'),
(9,'author9','collection9','desc9 Vi simulationem difficillimum aliis et placuerat placuerat simulationem ponderibus simulationem tamquam placuerat nimis obstaculo nimis confidentia auxilio commentis qua nimis.<p>Lorem ipsum dolor sit amet, consectetur adipiscing elit. Integer sed velit eget leo pharetra pretium. Duis imperdiet a turpis vitae mattis. Praesent molestie at turpis sit amet lacinia. Cras sed dui at massa ultricies fringilla quis sit amet lectus.</p><p>Donec quis ultrices risus. Phasellus lobortis nec dolor vel porttitor. Nam eu mauris tortor. Integer pretium vel dui et luctus. Integer sed odio vestibulum mi pellentesque aliquam. Donec lacinia cursus arcu sed lobortis. Mauris efficitur tellus in nulla posuere viverra.</p>','editor9','/img/book/book9_cover_400x400.jpg',1,1,1,'isbn9',2,'2019-01-28 16:21:48','desc9 Vi simulationem difficillimum aliis et placuerat placuerat simulat...',2,'titre9 Lorem ipsum'),
(10,'author10','collection10','desc10 Vi simulationem difficillimum aliis et placuerat placuerat simulationem ponderibus simulationem tamquam placuerat nimis obstaculo nimis confidentia auxilio commentis qua nimis.<p>Lorem ipsum dolor sit amet, consectetur adipiscing elit. Integer sed velit eget leo pharetra pretium. Duis imperdiet a turpis vitae mattis. Praesent molestie at turpis sit amet lacinia. Cras sed dui at massa ultricies fringilla quis sit amet lectus.</p><p>Donec quis ultrices risus. Phasellus lobortis nec dolor vel porttitor. Nam eu mauris tortor. Integer pretium vel dui et luctus. Integer sed odio vestibulum mi pellentesque aliquam. Donec lacinia cursus arcu sed lobortis. Mauris efficitur tellus in nulla posuere viverra.</p>','editor10','/img/book/book10_cover_400x400.jpg',1,1,1,'isbn10',1,'2020-10-12 15:21:48','desc10 Vi simulationem difficillimum aliis et placuerat placuerat simula...',1,'titre10 Lorem ipsum');

INSERT INTO `library_bdd`.`book_loan` (`id_book_loan`,`end_loan`,`is_loan_extended`,`loan_status`,`return_loan`,`start_loan`,`id_book`,`id_user`) VALUES
(1,'2021-02-25 16:21:48',0,'En cours',NULL,'2021-01-28 16:21:48',1,1),
(2,'2021-02-23 16:21:48',0,'Terminé','2021-02-12 09:48:30','2021-01-26 16:21:48',2,2),
(3,'2021-02-23 16:21:48',0,'En cours',NULL,'2021-01-26 16:21:48',2,1),
(4,'2021-02-10 16:21:48',0,'En cours',NULL,'2021-01-24 16:21:48',1,2),
(5,'2021-02-23 16:21:48',0,'En cours',NULL,'2021-01-26 16:21:48',3,3),
(6,'2021-02-10 16:21:48',0,'En cours',NULL,'2021-01-26 16:21:48',4,4);

INSERT INTO `library_bdd`.`book_loan_email_reminder` (`id_book_loan_email_reminder`,`book_id`,`book_loan_id`,`book_title`,`end_loan`,`firstname`,`is_email_sent`,`lastname`,`sending_email_date`,`user_email`,`user_id`) VALUES
(1,4,6,'titre4 Lorem ipsum','2021-02-10 16:21:48','user4_firstName',1,'user4_lastName','2021-02-12 10:22:30','email@user4.fr',4),
(2,1,4,'titre1 Lorem ipsum','2021-02-10 16:21:48','user2_firstName',1,'user2_lastName','2021-02-12 10:22:30','email@user2.fr',2);

INSERT INTO `library_bdd`.`book_reservation_email_reminder` (`id_book_reservation_email_reminder`,`book_id`,`book_reservation_date`,`book_reservation_id`,`book_title`,`firstname`,`is_email_sent`,`lastname`,`sending_email_date`,`user_email`,`user_id`) VALUES
(1,2,'2021-01-29 16:26:02',7,'titre2 Lorem ipsum','user3_firstName',1,'user3_lastName','2021-02-12 10:23:00','email@user3.fr',3),
(2,2,'2021-01-28 16:21:48',4,'titre2 Lorem ipsum','user4_firstName',1,'user4_lastName','2021-02-12 10:23:00','email@user4.fr',4),
(3,2,'2021-02-11 16:21:48',2,'titre2 Lorem ipsum','user2_firstName',1,'user2_lastName','2021-02-12 10:23:00','email@user2.fr',2);

